user_id,Name,Age,Gender,Weight,email
468,User_1,59,Prefer not to say,77,user19f13f@example.com
879,User_2,44,Prefer not to say,71,user6d50da@example.com
152,User_3,24,Female,88,user760caa@example.com
311,User_4,32,Male,70,user064745@example.com
759,User_5,33,Male,81,user047587@example.com
670,User_6,47,Prefer not to say,70,usereac155@example.com
245,User_7,53,Prefer not to say,56,user92345a@example.com
962,User_8,25,Female,71,user59f149@example.com
701,User_9,57,Prefer not to say,75,user39e4e1@example.com
412,User_10,57,Female,72,user52a874@example.com
201,User_11,26,Female,95,usere6ad72@example.com
104,User_12,26,Male,92,userea8bc3@example.com
555,User_13,26,Female,74,user1bcf2f@example.com
982,User_14,47,Prefer not to say,54,user7eec60@example.com
254,User_15,32,Female,91,user42f549@example.com
869,User_16,26,Prefer not to say,52,userc0776e@example.com
844,User_17,37,Prefer not to say,52,userc67d79@example.com
687,User_18,25,Female,83,userd0a630@example.com
640,User_19,56,Male,84,usere1d227@example.com
211,User_20,50,Prefer not to say,84,user58ed36@example.com
850,User_21,48,Female,76,user2ae31a@example.com
696,User_22,33,Male,97,user3b15ca@example.com
720,User_23,58,Prefer not to say,97,user52b475@example.com
159,User_24,33,Prefer not to say,71,userfa40aa@example.com
809,User_25,43,Male,73,userda9c34@example.com
633,User_26,46,Male,52,userc6ae26@example.com
369,User_27,47,Prefer not to say,66,user291f19@example.com
625,User_28,37,Male,50,useraf1628@example.com
182,User_29,23,Female,97,userbfcfc7@example.com
882,User_30,22,Prefer not to say,83,user598039@example.com
346,User_31,31,Prefer not to say,97,user29871a@example.com
56,User_32,23,Female,84,user58b85b@example.com
800,User_33,54,Female,67,user57dbcb@example.com
611,User_34,59,Female,58,user992ade@example.com
293,User_35,55,Prefer not to say,98,usere6a916@example.com
706,User_36,45,Female,63,usere2c5c4@example.com
510,User_37,37,Female,61,userf45e14@example.com
15,User_38,29,Female,68,user1a221b@example.com
543,User_39,57,Male,53,user8b71de@example.com
364,User_40,51,Prefer not to say,64,usera10fe6@example.com
629,User_41,49,Female,78,user27e745@example.com
308,User_42,52,Female,90,user599a61@example.com
678,User_43,40,Prefer not to say,57,userd8b5dc@example.com
177,User_44,41,Female,94,user9049f6@example.com
264,User_45,47,Prefer not to say,77,usere8452f@example.com
778,User_46,22,Male,77,user4a4261@example.com
470,User_47,20,Prefer not to say,85,user8d95b7@example.com
758,User_48,36,Female,52,user602e85@example.com
901,User_49,33,Male,96,user4fff48@example.com
91,User_50,32,Prefer not to say,96,userc8e769@example.com
565,User_51,37,Male,75,user870abc@example.com
26,User_52,43,Female,95,user53e28c@example.com
747,User_53,23,Female,59,userf7cf54@example.com
132,User_54,27,Female,80,user701b58@example.com
477,User_55,58,Male,91,user2eb952@example.com
767,User_56,23,Female,100,user2f3ef9@example.com
251,User_57,22,Prefer not to say,79,useref2d5c@example.com
484,User_58,36,Female,54,user82e8a1@example.com
801,User_59,31,Prefer not to say,83,user1fcf12@example.com
52,User_60,51,Male,100,userf7ad29@example.com
482,User_61,34,Prefer not to say,80,useradb7ae@example.com
533,User_62,26,Male,67,user48a860@example.com
248,User_63,54,Male,74,user6a58b5@example.com
274,User_64,51,Prefer not to say,62,user0bff1f@example.com
304,User_65,27,Male,55,usered85f1@example.com
593,User_66,58,Prefer not to say,78,user96083a@example.com
502,User_67,45,Female,56,user722567@example.com
768,User_68,47,Prefer not to say,67,user3f9a77@example.com
137,User_69,38,Male,50,user21f6cc@example.com
192,User_70,22,Female,76,user5fbbe8@example.com
994,User_71,31,Female,62,user534153@example.com
859,User_72,37,Prefer not to say,57,user2e9f33@example.com
908,User_73,55,Female,51,usera02c82@example.com
559,User_74,48,Female,82,userd86633@example.com
250,User_75,36,Prefer not to say,96,user8b4e92@example.com
263,User_76,58,Male,94,user8c45d0@example.com
448,User_77,45,Female,85,user2ea71f@example.com
298,User_78,53,Female,87,user38502b@example.com
376,User_79,23,Female,97,usere8d507@example.com
716,User_80,37,Prefer not to say,79,usercab64b@example.com
219,User_81,55,Male,100,user3d7dcf@example.com
888,User_82,47,Male,100,userefc02d@example.com
32,User_83,25,Female,54,usera859f5@example.com
374,User_84,39,Prefer not to say,61,user1dbaca@example.com
814,User_85,41,Male,66,user0d5c28@example.com
255,User_86,50,Male,55,userea067b@example.com
363,User_87,37,Female,55,userf3b80f@example.com
227,User_88,54,Male,71,user450bb2@example.com
317,User_89,20,Prefer not to say,81,userfa7c77@example.com
283,User_90,42,Male,93,user0a4c1a@example.com
644,User_91,46,Prefer not to say,65,user0b6f14@example.com
592,User_92,27,Prefer not to say,50,userd82427@example.com
690,User_93,20,Female,94,userf5fcc1@example.com
126,User_94,24,Male,81,userb03ec7@example.com
843,User_95,47,Female,100,user3f9bd0@example.com
705,User_96,40,Male,74,user7ca828@example.com
714,User_97,34,Prefer not to say,72,userd01b6c@example.com
444,User_98,48,Prefer not to say,54,user171f82@example.com
467,User_99,30,Male,68,user3f424c@example.com
573,User_100,20,Prefer not to say,97,user39314c@example.com
674,User_101,35,Female,75,user889650@example.com
195,User_102,50,Prefer not to say,98,user61e757@example.com
427,User_103,48,Prefer not to say,72,userb74769@example.com
979,User_104,28,Male,94,user2cb6f9@example.com
392,User_105,29,Female,75,userdfb93a@example.com
212,User_106,53,Male,55,userb058fd@example.com
934,User_107,25,Male,69,usere2db81@example.com
564,User_108,22,Prefer not to say,92,userb3428f@example.com
365,User_109,51,Male,52,user03cf73@example.com
478,User_110,42,Female,70,useref506b@example.com
418,User_111,30,Prefer not to say,96,user3c92da@example.com
614,User_112,40,Male,69,usere35dcc@example.com
940,User_113,35,Male,65,user1cf87e@example.com
847,User_114,50,Male,67,user279998@example.com
827,User_115,35,Prefer not to say,92,user11c1f5@example.com
615,User_116,56,Prefer not to say,82,user4caa31@example.com
348,User_117,26,Female,82,user8a61ca@example.com
434,User_118,45,Male,78,user051723@example.com
334,User_119,39,Male,98,user595ef7@example.com
960,User_120,33,Female,86,user0d9589@example.com
239,User_121,21,Prefer not to say,52,user923cc0@example.com
498,User_122,30,Male,57,user334f06@example.com
568,User_123,59,Female,97,user3046aa@example.com
457,User_124,40,Male,82,user8eae4a@example.com
655,User_125,54,Male,67,userfa080b@example.com
252,User_126,21,Male,89,user565ad2@example.com
109,User_127,57,Female,94,userd78d16@example.com
996,User_128,50,Prefer not to say,99,userbbc6fc@example.com
485,User_129,40,Female,68,userbca7c7@example.com
779,User_130,42,Prefer not to say,79,user4c2c1f@example.com
504,User_131,46,Female,70,userbfff1e@example.com
310,User_132,38,Female,66,user769187@example.com
229,User_133,35,Male,65,user762b97@example.com
715,User_134,54,Prefer not to say,83,usera4d5be@example.com
894,User_135,28,Female,74,user8eb77a@example.com
443,User_136,29,Prefer not to say,92,userc0fc62@example.com
72,User_137,54,Male,89,user84e0cd@example.com
440,User_138,53,Male,96,user92e69e@example.com
371,User_139,55,Prefer not to say,80,userf1d396@example.com
920,User_140,50,Prefer not to say,77,user133bbd@example.com
574,User_141,60,Male,52,user49090d@example.com
627,User_142,52,Female,98,user33d707@example.com
465,User_143,27,Male,80,user36a540@example.com
517,User_144,41,Prefer not to say,92,useraed029@example.com
266,User_145,22,Female,66,usercf336a@example.com
130,User_146,36,Male,99,usercd19ba@example.com
110,User_147,23,Female,50,userad216a@example.com
916,User_148,44,Prefer not to say,53,usera71a57@example.com
297,User_149,51,Female,99,userac833f@example.com
964,User_150,40,Prefer not to say,72,usera6d150@example.com
513,User_151,49,Male,74,user938af4@example.com
409,User_152,20,Prefer not to say,61,user345705@example.com
501,User_153,51,Prefer not to say,83,user37fd74@example.com
732,User_154,27,Male,81,userb742e2@example.com
952,User_155,58,Female,98,user382c53@example.com
272,User_156,40,Female,53,user617459@example.com
519,User_157,26,Female,73,user346347@example.com
584,User_158,47,Male,59,user789e77@example.com
973,User_159,20,Male,81,user36de9c@example.com
652,User_160,35,Prefer not to say,98,useraab456@example.com
214,User_161,29,Female,95,user51172d@example.com
798,User_162,24,Prefer not to say,68,user574ada@example.com
61,User_163,59,Prefer not to say,100,user9d27e3@example.com
331,User_164,32,Male,95,userf85983@example.com
455,User_165,27,Male,56,userf7ec7c@example.com
783,User_166,37,Female,79,user761052@example.com
918,User_167,57,Male,54,usere7d85a@example.com
571,User_168,52,Male,62,user83a352@example.com
884,User_169,47,Female,57,user750a65@example.com
452,User_170,49,Prefer not to say,78,user2c86b3@example.com
294,User_171,20,Male,89,usere9247d@example.com
988,User_172,34,Male,63,user573100@example.com
538,User_173,50,Female,62,userc27aab@example.com
319,User_174,57,Male,91,user3bb17a@example.com
556,User_175,42,Prefer not to say,85,user99ae40@example.com
166,User_176,36,Prefer not to say,53,usere5d013@example.com
112,User_177,41,Female,65,user738a3a@example.com
377,User_178,56,Prefer not to say,95,user4d6d8f@example.com
362,User_179,26,Prefer not to say,82,user90f4c0@example.com
209,User_180,59,Female,80,user199f0a@example.com
873,User_181,44,Male,99,user0c03c2@example.com
699,User_182,28,Female,51,user500ffa@example.com
683,User_183,44,Male,94,user88ff37@example.com
391,User_184,53,Female,65,user306ef9@example.com
910,User_185,52,Prefer not to say,67,user9a0e3f@example.com
558,User_186,50,Prefer not to say,62,usercf8857@example.com
75,User_187,53,Prefer not to say,73,user8cd4d3@example.com
242,User_188,60,Female,60,userfa39d4@example.com
401,User_189,42,Male,68,usere1210b@example.com
856,User_190,58,Male,75,user4f09af@example.com
878,User_191,33,Female,78,user80fb85@example.com
228,User_192,44,Female,61,user456d7f@example.com
751,User_193,37,Prefer not to say,66,user84f93d@example.com
259,User_194,30,Male,81,user9d4ee9@example.com
898,User_195,45,Female,86,user262475@example.com
792,User_196,35,Prefer not to say,53,user0d522d@example.com
90,User_197,46,Female,96,user318257@example.com
108,User_198,20,Male,73,user3d0fbb@example.com
664,User_199,52,Prefer not to say,51,usere99067@example.com
128,User_200,58,Male,53,user2353d7@example.com
370,User_201,38,Male,79,userc23dc0@example.com
650,User_202,48,Female,86,userf02546@example.com
323,User_203,51,Prefer not to say,100,userf6f36e@example.com
48,User_204,20,Female,51,userc27c22@example.com
689,User_205,51,Prefer not to say,94,userb32a85@example.com
860,User_206,20,Prefer not to say,68,userf7a3a8@example.com
194,User_207,20,Male,73,usera270fe@example.com
425,User_208,36,Prefer not to say,92,user0d0c8c@example.com
450,User_209,54,Prefer not to say,62,user907ebb@example.com
769,User_210,47,Female,62,user1b6528@example.com
506,User_211,43,Male,52,user30f662@example.com
927,User_212,37,Male,54,userd70b84@example.com
528,User_213,43,Prefer not to say,99,user28a479@example.com
896,User_214,50,Female,90,user8f914d@example.com
155,User_215,26,Prefer not to say,52,user6bd9ab@example.com
433,User_216,51,Female,76,user2d9c16@example.com
566,User_217,50,Female,83,user20e098@example.com
473,User_218,45,Prefer not to say,88,userf603e9@example.com
360,User_219,44,Female,65,user63ee02@example.com
520,User_220,39,Female,100,useredecd3@example.com
820,User_221,50,Prefer not to say,64,usera9a93e@example.com
54,User_222,30,Prefer not to say,77,user7b54c4@example.com
335,User_223,24,Male,99,user573f9c@example.com
413,User_224,45,Female,88,userff9d5d@example.com
402,User_225,34,Prefer not to say,71,userc910c0@example.com
617,User_226,25,Prefer not to say,96,usera0cad9@example.com
535,User_227,39,Prefer not to say,92,user6b8636@example.com
282,User_228,36,Prefer not to say,66,user808a4d@example.com
681,User_229,55,Male,77,user8d5216@example.com
829,User_230,33,Prefer not to say,95,user4f3772@example.com
971,User_231,36,Prefer not to say,83,user86e3f3@example.com
53,User_232,56,Female,99,userc20ea5@example.com
590,User_233,44,Prefer not to say,57,userae85c7@example.com
646,User_234,44,Male,80,user252d2e@example.com
641,User_235,28,Male,70,user58fafd@example.com
524,User_236,53,Male,95,user78e3ba@example.com
649,User_237,38,Female,72,user99a3f6@example.com
823,User_238,39,Prefer not to say,98,usereb5c52@example.com
169,User_239,20,Prefer not to say,57,user4860ce@example.com
44,User_240,44,Male,92,userfe2e46@example.com
342,User_241,42,Male,81,userb8d3dd@example.com
636,User_242,33,Female,71,user297255@example.com
657,User_243,35,Male,74,userc11432@example.com
576,User_244,31,Prefer not to say,55,user658cdb@example.com
913,User_245,26,Female,66,user01aabc@example.com
942,User_246,20,Female,73,user72af15@example.com
267,User_247,41,Prefer not to say,99,user62a7ca@example.com
372,User_248,46,Prefer not to say,61,user2b6aa2@example.com
841,User_249,58,Female,97,user095afd@example.com
85,User_250,26,Female,65,user4a929b@example.com
810,User_251,56,Prefer not to say,54,user92b84d@example.com
642,User_252,51,Female,66,userb38b3c@example.com
825,User_253,41,Female,60,user37923f@example.com
572,User_254,52,Prefer not to say,68,userab776a@example.com
948,User_255,31,Male,69,user804137@example.com
107,User_256,53,Female,60,user9385ec@example.com
874,User_257,50,Prefer not to say,91,userfa68bd@example.com
496,User_258,36,Prefer not to say,50,userd8e468@example.com
258,User_259,45,Female,59,user345b4f@example.com
428,User_260,37,Female,98,user82a3b9@example.com
410,User_261,38,Prefer not to say,88,user122bc4@example.com
127,User_262,37,Male,74,user54661e@example.com
653,User_263,39,Female,69,user37f16c@example.com
534,User_264,58,Male,67,user20b685@example.com
147,User_265,59,Prefer not to say,94,userb34acf@example.com
711,User_266,53,Prefer not to say,69,user10efea@example.com
525,User_267,52,Female,70,user564c27@example.com
336,User_268,50,Male,53,userd07500@example.com
487,User_269,35,Male,76,user2ee345@example.com
389,User_270,36,Female,84,user0ee8cf@example.com
619,User_271,54,Prefer not to say,74,user7476fc@example.com
185,User_272,35,Male,86,user55c6fd@example.com
421,User_273,57,Prefer not to say,55,usere664f7@example.com
698,User_274,57,Prefer not to say,89,user137e08@example.com
114,User_275,30,Prefer not to say,51,usera88be4@example.com
764,User_276,32,Prefer not to say,89,userf1f0c3@example.com
815,User_277,45,Male,95,user4e4298@example.com
976,User_278,59,Prefer not to say,88,userbb6ab2@example.com
799,User_279,36,Male,98,user11125f@example.com
396,User_280,27,Male,56,user90735a@example.com
791,User_281,27,Female,88,userc108fd@example.com
398,User_282,57,Male,68,user5e65b5@example.com
527,User_283,20,Female,87,usera9e17c@example.com
431,User_284,46,Female,88,userf3e4b1@example.com
220,User_285,44,Female,92,userb62776@example.com
819,User_286,40,Prefer not to say,56,user910500@example.com
66,User_287,27,Prefer not to say,64,user806d57@example.com
808,User_288,26,Prefer not to say,57,userd20f86@example.com
350,User_289,52,Female,91,userbfb0de@example.com
439,User_290,56,Male,81,userb9f291@example.com
361,User_291,35,Prefer not to say,81,user0b4a02@example.com
544,User_292,37,Male,65,user16700f@example.com
702,User_293,21,Female,77,user0d8abc@example.com
675,User_294,34,Male,83,userc8a64f@example.com
403,User_295,42,Male,60,userfbf7d7@example.com
863,User_296,21,Prefer not to say,52,userfed61e@example.com
89,User_297,48,Male,52,userbcdc16@example.com
980,User_298,21,Female,84,user8edd29@example.com
756,User_299,60,Male,100,user4b70bd@example.com
845,User_300,36,Male,57,usera7aebd@example.com
540,User_301,50,Female,55,user4180ab@example.com
373,User_302,24,Female,71,user2708ea@example.com
780,User_303,40,Female,52,user0ece12@example.com
694,User_304,37,Prefer not to say,62,userfb530c@example.com
305,User_305,53,Prefer not to say,95,userc3e671@example.com
890,User_306,35,Prefer not to say,90,user29c0d9@example.com
154,User_307,57,Female,72,userad8ef0@example.com
654,User_308,55,Prefer not to say,95,user006607@example.com
875,User_309,42,Female,53,userf1a352@example.com
103,User_310,27,Prefer not to say,63,userdf9021@example.com
328,User_311,58,Female,59,user89a951@example.com
106,User_312,40,Female,54,user425b71@example.com
123,User_313,20,Male,94,user47b145@example.com
306,User_314,54,Male,53,userc2351d@example.com
877,User_315,44,Female,71,userd91456@example.com
78,User_316,37,Female,92,user8bcb62@example.com
589,User_317,47,Female,74,user81a2ab@example.com
393,User_318,45,Male,72,userf1bcaa@example.com
551,User_319,51,Female,66,user315fef@example.com
36,User_320,58,Male,60,userbed9ac@example.com
944,User_321,57,Female,70,user80b89e@example.com
38,User_322,39,Male,70,user61a357@example.com
156,User_323,43,Prefer not to say,96,usera0807f@example.com
999,User_324,34,Female,79,user86d1d0@example.com
76,User_325,45,Prefer not to say,76,user4a97bb@example.com
682,User_326,48,Prefer not to say,85,user9a9723@example.com
160,User_327,58,Male,66,user449e48@example.com
16,User_328,55,Female,70,userc4d979@example.com
291,User_329,51,Male,59,user0b59ea@example.com
581,User_330,32,Prefer not to say,73,userccec94@example.com
723,User_331,52,Female,98,user9b78f2@example.com
537,User_332,34,Prefer not to say,62,user7e97e6@example.com
933,User_333,24,Female,90,user9f567b@example.com
430,User_334,50,Male,100,usere70bf5@example.com
167,User_335,56,Male,62,user0b3807@example.com
750,User_336,58,Prefer not to say,58,user3dd674@example.com
839,User_337,55,Male,88,user78e55b@example.com
118,User_338,28,Prefer not to say,93,userc09b5b@example.com
35,User_339,32,Male,60,user06e009@example.com
174,User_340,45,Male,50,user3dd5e2@example.com
922,User_341,46,Male,83,user974fb4@example.com
577,User_342,22,Prefer not to say,95,userbf67d6@example.com
302,User_343,47,Female,72,user962f8f@example.com
40,User_344,22,Prefer not to say,88,user99feb1@example.com
415,User_345,59,Male,78,user3f9053@example.com
774,User_346,28,Female,73,user7a7d18@example.com
911,User_347,50,Male,60,userad15e0@example.com
834,User_348,21,Prefer not to say,53,user025a71@example.com
669,User_349,48,Prefer not to say,93,user2236c8@example.com
98,User_350,43,Female,59,user28948c@example.com
387,User_351,43,Female,64,user0eb31d@example.com
4,User_352,21,Male,52,user660589@example.com
975,User_353,21,Male,53,user351c53@example.com
818,User_354,56,Prefer not to say,72,user979312@example.com
380,User_355,43,Female,92,user84b685@example.com
446,User_356,38,Female,80,user5e97ef@example.com
728,User_357,28,Female,97,user318b32@example.com
562,User_358,30,Female,91,user11cf32@example.com
762,User_359,27,Prefer not to say,99,user3613d5@example.com
862,User_360,53,Female,95,user990df1@example.com
9,User_361,26,Male,98,userbaf295@example.com
553,User_362,60,Prefer not to say,93,user6a16c7@example.com
497,User_363,58,Male,92,userf25a6d@example.com
515,User_364,51,Male,95,user4f1847@example.com
329,User_365,42,Female,65,usera4a0ed@example.com
821,User_366,51,Prefer not to say,74,user35450f@example.com
914,User_367,38,Prefer not to say,63,userea6534@example.com
260,User_368,39,Male,50,user4526a4@example.com
806,User_369,23,Prefer not to say,73,user3e55c5@example.com
153,User_370,44,Male,57,userd6562a@example.com
275,User_371,40,Male,71,usere6222a@example.com
268,User_372,44,Prefer not to say,60,user603c19@example.com
490,User_373,60,Male,67,user0c542a@example.com
632,User_374,45,Prefer not to say,60,user4fcdcf@example.com
349,User_375,44,Female,86,user2f4b4b@example.com
386,User_376,41,Prefer not to say,95,user9160ac@example.com
740,User_377,28,Prefer not to say,88,user133d35@example.com
97,User_378,33,Female,58,userb3808b@example.com
216,User_379,36,Prefer not to say,85,user8b7665@example.com
74,User_380,49,Male,50,userd5dff4@example.com
656,User_381,31,Prefer not to say,98,user41287d@example.com
985,User_382,50,Female,100,user120516@example.com
828,User_383,44,Prefer not to say,99,userd3e2ce@example.com
131,User_384,47,Female,90,user5006dd@example.com
686,User_385,28,Female,80,user182205@example.com
921,User_386,35,Prefer not to say,74,userb4ddf8@example.com
277,User_387,37,Male,74,usere4702f@example.com
357,User_388,57,Prefer not to say,95,user686ea3@example.com
379,User_389,52,Male,92,user41ac66@example.com
445,User_390,26,Female,57,userb7740f@example.com
826,User_391,51,Prefer not to say,80,user0b02d5@example.com
635,User_392,34,Male,64,user1a6bec@example.com
168,User_393,52,Prefer not to say,91,userb1f01c@example.com
29,User_394,33,Male,53,user8268b6@example.com
69,User_395,30,Prefer not to say,99,user3c8978@example.com
902,User_396,33,Female,91,user35232c@example.com
385,User_397,52,Female,86,user2953b5@example.com
83,User_398,37,Male,98,user56074d@example.com
677,User_399,51,Male,85,userfdef3e@example.com
493,User_400,33,Female,93,userb03111@example.com
880,User_401,21,Female,58,user97492f@example.com
713,User_402,32,Prefer not to say,99,user13c612@example.com
189,User_403,52,Male,65,user55cac3@example.com
900,User_404,58,Female,100,user58d0c3@example.com
188,User_405,42,Prefer not to say,75,userd9864b@example.com
936,User_406,52,Male,93,usera05f35@example.com
183,User_407,23,Female,79,user4eb409@example.com
318,User_408,23,Prefer not to say,75,user139b25@example.com
924,User_409,57,Prefer not to say,67,user29eab3@example.com
542,User_410,36,Prefer not to say,87,user23da2c@example.com
578,User_411,55,Female,100,user0885ec@example.com
178,User_412,38,Female,83,user4d6a4a@example.com
303,User_413,58,Prefer not to say,81,userb31e0a@example.com
285,User_414,51,Male,61,userc9c1e3@example.com
287,User_415,20,Male,100,user7618d7@example.com
505,User_416,31,Female,78,usere5ea14@example.com
217,User_417,27,Prefer not to say,60,user3d3e63@example.com
483,User_418,34,Prefer not to say,84,user3e79fd@example.com
163,User_419,38,Male,90,user217e2e@example.com
500,User_420,41,Male,77,user73fa29@example.com
34,User_421,40,Male,66,user9e30a0@example.com
548,User_422,21,Prefer not to say,53,user520989@example.com
314,User_423,35,Male,62,user546823@example.com
441,User_424,55,Female,72,userc2a6e8@example.com
680,User_425,59,Male,78,user239563@example.com
672,User_426,32,Female,100,userfbbbc7@example.com
612,User_427,20,Male,52,usera75fa3@example.com
929,User_428,34,Female,72,user0131ae@example.com
743,User_429,36,Male,54,user6882d7@example.com
414,User_430,41,Prefer not to say,80,user37f3b7@example.com
775,User_431,21,Female,80,userfd80f3@example.com
749,User_432,33,Prefer not to say,80,user8a8d89@example.com
420,User_433,39,Female,90,user1f60c5@example.com
175,User_434,24,Male,73,user5ea60b@example.com
871,User_435,37,Prefer not to say,60,userbb8c39@example.com
919,User_436,58,Female,98,user81fc5f@example.com
560,User_437,21,Prefer not to say,84,user764c58@example.com
647,User_438,50,Prefer not to say,96,userf974e5@example.com
55,User_439,22,Prefer not to say,100,userba3d57@example.com
143,User_440,29,Prefer not to say,53,user7c12cf@example.com
861,User_441,49,Prefer not to say,73,usera3c4e8@example.com
140,User_442,34,Male,66,user8222d1@example.com
429,User_443,48,Prefer not to say,63,usera0a52a@example.com
725,User_444,23,Male,77,user43e6b5@example.com
688,User_445,22,Female,93,user6aab0a@example.com
158,User_446,56,Prefer not to say,51,user549dc4@example.com
977,User_447,57,Female,51,user408e98@example.com
231,User_448,38,Male,87,user6e65c7@example.com
472,User_449,22,Prefer not to say,83,userd42de3@example.com
21,User_450,25,Prefer not to say,77,userc4a784@example.com
600,User_451,20,Male,76,userccfc33@example.com
486,User_452,47,Prefer not to say,95,user798c14@example.com
176,User_453,44,Female,84,userdf0ecb@example.com
721,User_454,49,Female,74,user548fd2@example.com
938,User_455,31,Prefer not to say,100,user4aa776@example.com
442,User_456,36,Prefer not to say,62,user245dcc@example.com
368,User_457,47,Female,55,user2af475@example.com
30,User_458,41,Male,98,userb47c51@example.com
786,User_459,30,Female,67,user96267a@example.com
959,User_460,36,Male,76,userb03b7e@example.com
945,User_461,46,Female,99,user783e30@example.com
969,User_462,36,Prefer not to say,63,user4ac7fe@example.com
148,User_463,39,Prefer not to say,88,userd69180@example.com
226,User_464,34,Male,89,user6feb35@example.com
37,User_465,31,Prefer not to say,92,userab3914@example.com
610,User_466,50,Female,90,user7a8d1f@example.com
438,User_467,25,Male,79,userbf30f0@example.com
120,User_468,57,Male,67,user98c2ce@example.com
20,User_469,38,Male,69,user9fdc85@example.com
139,User_470,31,Female,97,userdd3b9b@example.com
221,User_471,54,Prefer not to say,94,user3363e4@example.com
744,User_472,59,Male,50,user90db98@example.com
458,User_473,20,Female,92,userab180d@example.com
648,User_474,25,Prefer not to say,93,user5f932a@example.com
796,User_475,29,Male,82,user2774ee@example.com
583,User_476,57,Female,82,user1b9eae@example.com
459,User_477,43,Female,58,user18d3bb@example.com
19,User_478,43,Female,77,userb271b4@example.com
663,User_479,35,Female,97,user3d8556@example.com
157,User_480,59,Male,74,usercdbf71@example.com
637,User_481,60,Male,76,user0f88eb@example.com
552,User_482,43,Prefer not to say,83,user9473ef@example.com
990,User_483,30,Female,55,userc7bfc6@example.com
939,User_484,51,Prefer not to say,57,user1a8db3@example.com
325,User_485,21,Female,78,userbc4266@example.com
187,User_486,35,Male,91,user71fe2a@example.com
124,User_487,24,Prefer not to say,100,user97a1f4@example.com
181,User_488,45,Male,85,usere6dea8@example.com
286,User_489,34,Prefer not to say,50,usera4148b@example.com
692,User_490,34,Male,91,userbed53f@example.com
234,User_491,33,Prefer not to say,78,usera953eb@example.com
276,User_492,39,Prefer not to say,55,user82fda0@example.com
223,User_493,46,Prefer not to say,65,user9922e6@example.com
776,User_494,27,Female,67,user18bced@example.com
972,User_495,41,Female,66,user39be94@example.com
613,User_496,54,Male,50,user7a48ea@example.com
849,User_497,40,Female,83,usera6d415@example.com
760,User_498,52,Female,84,user5c04bd@example.com
2,User_499,51,Prefer not to say,65,user8ac0a9@example.com
607,User_500,30,Prefer not to say,58,user9c69b9@example.com
12,User_501,53,Male,73,user700128@example.com
25,User_502,58,Prefer not to say,67,user742339@example.com
958,User_503,39,Prefer not to say,96,usere00ae8@example.com
165,User_504,55,Male,59,user72a389@example.com
623,User_505,58,Prefer not to say,95,user6fb0f5@example.com
63,User_506,22,Female,56,userb6a7c3@example.com
406,User_507,38,Male,57,user50a903@example.com
77,User_508,24,Prefer not to say,99,userc0946e@example.com
151,User_509,45,Male,75,user02db5a@example.com
93,User_510,28,Prefer not to say,76,user0ccdcd@example.com
608,User_511,59,Female,93,user4b5d65@example.com
338,User_512,23,Female,61,user18ef99@example.com
466,User_513,52,Prefer not to say,68,user09334f@example.com
141,User_514,56,Male,90,userdb3df3@example.com
241,User_515,42,Prefer not to say,67,user83ccbe@example.com
417,User_516,34,Female,81,user6bcf68@example.com
526,User_517,29,Prefer not to say,50,userb4ef6d@example.com
309,User_518,57,Male,96,user0c24ec@example.com
261,User_519,58,Prefer not to say,99,user375b28@example.com
222,User_520,23,Male,61,user9ffe5f@example.com
121,User_521,26,Female,68,useree0bef@example.com
330,User_522,54,Prefer not to say,80,userdacf76@example.com
454,User_523,32,Female,70,user46c6c3@example.com
837,User_524,55,Prefer not to say,72,user987975@example.com
671,User_525,34,Female,86,usera9f8fd@example.com
419,User_526,32,Male,96,user15a05f@example.com
710,User_527,29,Female,78,user31ec8b@example.com
951,User_528,57,Female,85,userb37fcb@example.com
82,User_529,20,Male,55,user2b0fae@example.com
761,User_530,31,Female,90,user78e3ff@example.com
742,User_531,41,Female,89,userc48e6c@example.com
586,User_532,42,Female,98,userc994db@example.com
42,User_533,57,Male,61,user80427f@example.com
142,User_534,52,Male,91,user5318c2@example.com
797,User_535,23,Female,81,user6b00e9@example.com
621,User_536,27,Male,80,userfde8a4@example.com
138,User_537,56,Female,94,user77f737@example.com
81,User_538,21,Male,73,user3eea18@example.com
909,User_539,38,Male,78,user85646c@example.com
354,User_540,25,Male,58,user9b2d38@example.com
598,User_541,28,Prefer not to say,67,userfaffba@example.com
658,User_542,60,Prefer not to say,98,user1cb582@example.com
541,User_543,36,Prefer not to say,88,user6bf7e0@example.com
594,User_544,59,Female,53,user9a822c@example.com
639,User_545,53,Male,75,user7a6864@example.com
80,User_546,23,Prefer not to say,70,user8463bd@example.com
620,User_547,29,Male,78,user5468f0@example.com
954,User_548,22,Female,80,userbdc5e3@example.com
359,User_549,23,Prefer not to say,74,userbf4172@example.com
367,User_550,27,Female,86,user864375@example.com
956,User_551,59,Male,90,user7f7adf@example.com
162,User_552,39,Prefer not to say,88,user343744@example.com
341,User_553,43,Female,64,useraa8e6c@example.com
6,User_554,46,Female,50,user64bc95@example.com
230,User_555,52,Female,83,userb58cf8@example.com
822,User_556,46,Male,67,user9572e3@example.com
881,User_557,33,Male,96,userbf5e31@example.com
99,User_558,36,Prefer not to say,64,userb0718a@example.com
662,User_559,47,Prefer not to say,88,userd09765@example.com
961,User_560,58,Male,97,userbf9de2@example.com
563,User_561,60,Female,70,usera2e228@example.com
770,User_562,22,Female,54,user6e7bdf@example.com
10,User_563,60,Male,61,user7b09f7@example.com
695,User_564,45,Female,98,userbabb0e@example.com
95,User_565,52,Prefer not to say,77,usere20cca@example.com
18,User_566,55,Male,62,user083d02@example.com
731,User_567,54,Male,91,user71177c@example.com
404,User_568,42,Female,83,usercbec5a@example.com
899,User_569,20,Male,65,user44842c@example.com
947,User_570,45,Prefer not to say,56,user0e6990@example.com
481,User_571,45,Male,100,user50be50@example.com
824,User_572,55,Prefer not to say,67,user9c924e@example.com
199,User_573,43,Male,91,user056ed8@example.com
39,User_574,41,Male,53,user517ba7@example.com
411,User_575,28,Prefer not to say,95,user9223bf@example.com
539,User_576,41,Prefer not to say,59,user94c03b@example.com
236,User_577,48,Prefer not to say,70,user25e1e2@example.com
557,User_578,20,Prefer not to say,71,user4ae944@example.com
456,User_579,49,Female,92,user2de96b@example.com
390,User_580,43,Prefer not to say,72,userc79177@example.com
146,User_581,50,Female,63,user6e0be8@example.com
27,User_582,45,Male,67,user23a13a@example.com
384,User_583,46,Prefer not to say,94,usere3b2c2@example.com
516,User_584,52,Female,84,userc1e8a6@example.com
807,User_585,29,Male,98,user11681c@example.com
253,User_586,32,Prefer not to say,54,user42b613@example.com
726,User_587,46,Female,81,user264a3e@example.com
748,User_588,37,Male,61,user8aed40@example.com
238,User_589,37,Female,57,user5f20d1@example.com
84,User_590,51,Male,93,user27d99c@example.com
436,User_591,48,Prefer not to say,61,usera276db@example.com
172,User_592,47,Male,84,usere9796d@example.com
949,User_593,37,Female,60,user725cf3@example.com
471,User_594,56,Prefer not to say,78,userd83c07@example.com
480,User_595,39,Prefer not to say,64,user242358@example.com
782,User_596,46,Female,96,useredc46e@example.com
270,User_597,49,Prefer not to say,65,user98f152@example.com
591,User_598,40,Female,62,user968873@example.com
943,User_599,36,Female,90,userc74c73@example.com
134,User_600,46,Female,74,user182f49@example.com
887,User_601,22,Female,74,user95dc4e@example.com
616,User_602,28,Female,70,usera293ff@example.com
745,User_603,55,Male,96,user3ace03@example.com
196,User_604,21,Male,60,userf6abd1@example.com
691,User_605,39,Female,94,user40129e@example.com
983,User_606,28,Male,76,userbc2247@example.com
295,User_607,20,Prefer not to say,76,user202c36@example.com
290,User_608,59,Female,64,userd49dc6@example.com
603,User_609,33,Male,93,usera138af@example.com
926,User_610,33,Male,99,userbd0f35@example.com
567,User_611,41,Male,78,userd1038e@example.com
204,User_612,23,Male,59,user308306@example.com
781,User_613,32,Female,65,user51e532@example.com
479,User_614,46,Female,64,user08fa3a@example.com
33,User_615,24,Male,83,user7948a8@example.com
840,User_616,40,Female,51,userdaea31@example.com
301,User_617,52,Male,57,user25ac63@example.com
737,User_618,37,Female,85,user21fb05@example.com
545,User_619,32,Female,60,userf04f8e@example.com
70,User_620,48,Male,53,user543d4c@example.com
366,User_621,32,Prefer not to say,85,user13d20a@example.com
599,User_622,33,Female,78,userbe4cb8@example.com
71,User_623,39,Male,73,user5fa56c@example.com
703,User_624,32,Female,69,usereef422@example.com
397,User_625,37,Male,54,usercd1fa6@example.com
700,User_626,55,Male,81,user7c9c90@example.com
772,User_627,34,Male,94,userb73040@example.com
31,User_628,35,Male,79,user97a277@example.com
423,User_629,46,Female,74,user2dbfd3@example.com
831,User_630,60,Male,51,usercacb23@example.com
460,User_631,25,Prefer not to say,51,userfa5c25@example.com
746,User_632,55,Male,78,user7bc2b0@example.com
587,User_633,58,Prefer not to say,58,userd13282@example.com
518,User_634,23,Female,85,userfd7bc7@example.com
765,User_635,32,Male,71,usercc2b9d@example.com
113,User_636,51,Prefer not to say,54,userf82137@example.com
388,User_637,36,Prefer not to say,68,user7c84be@example.com
344,User_638,50,Male,50,user069b82@example.com
582,User_639,21,Female,65,usera4d0ee@example.com
928,User_640,27,Female,82,user71451e@example.com
917,User_641,49,Prefer not to say,54,user098279@example.com
57,User_642,54,Female,50,user913324@example.com
693,User_643,22,Male,53,userea6fbd@example.com
180,User_644,41,Prefer not to say,53,user068137@example.com
281,User_645,60,Female,52,user8c435b@example.com
712,User_646,45,Male,57,user3f35bc@example.com
709,User_647,30,Prefer not to say,93,userf9609c@example.com
383,User_648,43,Prefer not to say,62,user894fe7@example.com
867,User_649,26,Female,58,user89987a@example.com
835,User_650,27,Male,78,userf3a4cf@example.com
356,User_651,33,Prefer not to say,77,userf0cad9@example.com
407,User_652,24,Male,78,user733131@example.com
511,User_653,50,Prefer not to say,79,user3388cc@example.com
993,User_654,20,Prefer not to say,85,user747f93@example.com
67,User_655,32,Male,93,user98219d@example.com
897,User_656,23,Female,60,user735000@example.com
766,User_657,29,Male,50,user7f2bdf@example.com
224,User_658,31,Female,97,user1895de@example.com
585,User_659,21,Female,96,userd40386@example.com
215,User_660,27,Male,64,user6c4b8c@example.com
3,User_661,40,Male,58,user90bcf1@example.com
300,User_662,22,Male,82,userc7f544@example.com
164,User_663,49,Male,74,userb48a4c@example.com
352,User_664,22,Female,54,userb1cd46@example.com
842,User_665,43,Male,93,user952f2b@example.com
575,User_666,20,Prefer not to say,52,user66c757@example.com
23,User_667,45,Male,85,user091ac9@example.com
876,User_668,57,Prefer not to say,97,userba18c9@example.com
327,User_669,38,Prefer not to say,62,user300ea6@example.com
1,User_670,47,Prefer not to say,87,useradbd5a@example.com
279,User_671,49,Female,94,usercded95@example.com
989,User_672,39,Prefer not to say,62,userf8cd26@example.com
667,User_673,43,Female,91,user262195@example.com
858,User_674,34,Female,62,user8b4152@example.com
193,User_675,33,Prefer not to say,100,usere47e69@example.com
499,User_676,30,Prefer not to say,71,user0f2c45@example.com
784,User_677,43,Prefer not to say,71,userbe7275@example.com
624,User_678,45,Prefer not to say,50,user5d53ff@example.com
210,User_679,52,Male,99,userb8e645@example.com
378,User_680,29,Male,71,user4b256c@example.com
284,User_681,43,Female,61,userbab9f9@example.com
449,User_682,24,Prefer not to say,60,user9f18cc@example.com
734,User_683,49,Male,78,user6e2804@example.com
87,User_684,51,Female,56,userb27f82@example.com
265,User_685,29,Female,98,userd0daf5@example.com
45,User_686,53,Female,66,user07307f@example.com
604,User_687,28,Male,100,userec5d62@example.com
724,User_688,28,Prefer not to say,74,userb03959@example.com
492,User_689,25,Female,78,user37bd3c@example.com
708,User_690,49,Male,92,user2acdbb@example.com
915,User_691,53,Male,65,usere302ec@example.com
343,User_692,27,Female,51,user59f982@example.com
965,User_693,31,Male,92,user00c29d@example.com
522,User_694,32,Male,93,user0c0afd@example.com
122,User_695,33,Female,88,userfb34d4@example.com
946,User_696,27,Prefer not to say,55,user17bf96@example.com
838,User_697,32,Female,75,user251a37@example.com
753,User_698,37,Female,95,user4676a6@example.com
968,User_699,36,Female,79,user095f07@example.com
984,User_700,20,Male,63,user796662@example.com
340,User_701,27,Male,98,user538212@example.com
854,User_702,33,Male,58,user0e9fff@example.com
424,User_703,24,Prefer not to say,57,userad7d4a@example.com
243,User_704,46,Prefer not to say,56,userd31a78@example.com
355,User_705,51,Male,72,userafc290@example.com
628,User_706,22,Female,83,usere44666@example.com
322,User_707,30,Female,74,userc31431@example.com
570,User_708,58,Female,74,userc17cf8@example.com
395,User_709,24,Male,72,userecb066@example.com
273,User_710,32,Male,76,user9e50f9@example.com
718,User_711,26,Female,84,userfa439d@example.com
205,User_712,43,Male,52,user8d534e@example.com
206,User_713,37,Male,87,user0795a0@example.com
24,User_714,38,Male,63,usere8110d@example.com
906,User_715,33,Male,83,user5173a3@example.com
739,User_716,29,Prefer not to say,94,user0c95ed@example.com
930,User_717,45,Male,62,user30bf7e@example.com
536,User_718,36,Prefer not to say,74,user8ca08e@example.com
202,User_719,21,Female,65,user2acff4@example.com
94,User_720,55,Male,79,user158dd4@example.com
400,User_721,46,Male,79,user49ba7f@example.com
179,User_722,55,Male,71,user39cec1@example.com
353,User_723,45,Male,69,user4f0bae@example.com
932,User_724,21,Male,50,userf13a37@example.com
116,User_725,29,Female,77,user803952@example.com
313,User_726,38,Female,51,user055c40@example.com
514,User_727,35,Prefer not to say,61,usera004cd@example.com
92,User_728,56,Male,99,userc8e3c0@example.com
673,User_729,21,Male,77,userb60255@example.com
717,User_730,57,Prefer not to say,99,user0ab2cf@example.com
777,User_731,42,Female,96,user7a864a@example.com
794,User_732,30,Male,62,usere77ff6@example.com
381,User_733,54,Prefer not to say,95,user8b989c@example.com
651,User_734,40,Male,86,user2d706d@example.com
461,User_735,23,Male,96,userbb0e30@example.com
197,User_736,55,Prefer not to say,90,user6ed974@example.com
793,User_737,28,Male,98,user0d625a@example.com
618,User_738,55,Prefer not to say,89,user52dbbe@example.com
817,User_739,41,Female,81,user04677e@example.com
937,User_740,46,Male,85,user1c00bc@example.com
17,User_741,39,Female,73,user6644c0@example.com
289,User_742,32,Male,84,user8d7538@example.com
970,User_743,35,Prefer not to say,73,user3ec5fe@example.com
846,User_744,60,Prefer not to say,89,user526835@example.com
597,User_745,50,Prefer not to say,72,user0db01c@example.com
203,User_746,27,Prefer not to say,50,user5db1fc@example.com
802,User_747,20,Male,68,user29749f@example.com
316,User_748,53,Male,96,user107f12@example.com
864,User_749,45,Prefer not to say,99,user6ac989@example.com
803,User_750,20,Female,72,userf2808e@example.com
986,User_751,41,Female,58,user034f25@example.com
247,User_752,49,Female,93,usercad6c2@example.com
741,User_753,48,Female,96,userb73c08@example.com
529,User_754,31,Prefer not to say,60,userd7f80d@example.com
941,User_755,22,Female,55,user1ed6b4@example.com
848,User_756,37,Male,84,user6358d8@example.com
561,User_757,44,Prefer not to say,59,user98fc2c@example.com
771,User_758,39,Prefer not to say,89,user8ccb60@example.com
521,User_759,50,Female,58,usere9ff56@example.com
208,User_760,53,Male,69,userb2392e@example.com
833,User_761,40,Male,87,usere5edee@example.com
588,User_762,21,Prefer not to say,70,userbb8b01@example.com
68,User_763,60,Prefer not to say,80,userb2b0e3@example.com
507,User_764,31,Prefer not to say,86,userce2946@example.com
186,User_765,46,Female,76,user788caf@example.com
358,User_766,26,Prefer not to say,84,user682b40@example.com
399,User_767,24,Male,60,user30e276@example.com
171,User_768,48,Male,73,user0b73d5@example.com
101,User_769,25,Male,64,userfde137@example.com
852,User_770,28,Female,90,user03627a@example.com
967,User_771,32,Prefer not to say,74,usere560aa@example.com
773,User_772,39,Female,91,user0ef210@example.com
28,User_773,24,Prefer not to say,76,user0988dc@example.com
246,User_774,58,Male,89,user89e817@example.com
280,User_775,28,Female,50,user414cda@example.com
754,User_776,59,Female,67,user54c71d@example.com
601,User_777,33,Prefer not to say,100,user108372@example.com
812,User_778,39,Prefer not to say,92,user327817@example.com
547,User_779,31,Male,65,usercfa3d1@example.com
47,User_780,41,Male,61,user469509@example.com
935,User_781,23,Male,73,user2ad09b@example.com
955,User_782,23,Prefer not to say,83,user288ffa@example.com
320,User_783,26,Prefer not to say,67,useraeecf3@example.com
333,User_784,36,Prefer not to say,77,user50127f@example.com
638,User_785,60,Female,99,user9a6a09@example.com
684,User_786,31,Male,64,userf8f552@example.com
240,User_787,52,Prefer not to say,66,user74021d@example.com
491,User_788,31,Male,95,user8b690b@example.com
59,User_789,31,Female,98,user0de6a0@example.com
5,User_790,56,Prefer not to say,62,userd28e44@example.com
476,User_791,21,Female,56,userfc7e0f@example.com
312,User_792,50,Female,91,userf50886@example.com
832,User_793,36,Female,75,userdac557@example.com
426,User_794,49,Female,53,userd0b1cd@example.com
7,User_795,51,Prefer not to say,50,user4a9b6e@example.com
463,User_796,26,Male,70,usere70b7c@example.com
133,User_797,49,Male,68,user739c54@example.com
271,User_798,46,Prefer not to say,82,user625d50@example.com
14,User_799,59,Male,96,usere0d385@example.com
225,User_800,47,Female,100,user2d9cd1@example.com
569,User_801,26,Prefer not to say,94,user3a004d@example.com
816,User_802,36,Male,62,user5f3ef1@example.com
729,User_803,58,Female,80,user32becd@example.com
595,User_804,22,Female,57,user04eb0a@example.com
256,User_805,34,Female,81,userb7a599@example.com
554,User_806,59,Prefer not to say,89,user66ce2c@example.com
347,User_807,41,Female,60,user5320ea@example.com
435,User_808,43,Male,77,userd43616@example.com
405,User_809,34,Female,83,user5bf662@example.com
605,User_810,35,Male,91,user84df19@example.com
232,User_811,25,Female,75,user570f79@example.com
857,User_812,33,Male,71,userc367ee@example.com
60,User_813,30,Male,67,user3def95@example.com
851,User_814,26,Male,76,user352a73@example.com
462,User_815,46,Male,99,user39bf26@example.com
408,User_816,44,Prefer not to say,94,user414e57@example.com
866,User_817,38,Male,75,userc8f730@example.com
315,User_818,34,Prefer not to say,92,user2322bc@example.com
805,User_819,27,Male,54,userfaf043@example.com
953,User_820,36,Female,87,user143022@example.com
111,User_821,25,Male,84,user1e1aba@example.com
987,User_822,43,Male,97,user95ec53@example.com
630,User_823,57,Male,52,user84968c@example.com
757,User_824,55,Male,78,user013667@example.com
100,User_825,32,Female,58,userd7068d@example.com
735,User_826,32,Prefer not to say,54,user1f05d4@example.com
292,User_827,21,Male,88,user3205bc@example.com
905,User_828,26,Male,75,user6d1e3e@example.com
795,User_829,38,Female,86,user03b4b3@example.com
645,User_830,34,Prefer not to say,74,user6aac53@example.com
907,User_831,51,Female,66,user657147@example.com
337,User_832,41,Prefer not to say,68,userf3362a@example.com
432,User_833,53,Female,72,user942942@example.com
102,User_834,49,Female,74,user698b6d@example.com
191,User_835,57,Female,86,user58b790@example.com
752,User_836,40,Prefer not to say,76,user37c0fe@example.com
665,User_837,48,Female,62,userfdffd2@example.com
339,User_838,20,Female,65,user05ab69@example.com
622,User_839,42,Female,74,user7b6a1f@example.com
495,User_840,30,Prefer not to say,51,user7965ff@example.com
738,User_841,37,Female,70,user7c1b6b@example.com
609,User_842,26,Female,85,user5e73a6@example.com
811,User_843,47,Prefer not to say,62,useree07fd@example.com
345,User_844,56,Female,52,userdce64c@example.com
788,User_845,37,Male,70,user596c25@example.com
660,User_846,30,Female,78,user8f17db@example.com
685,User_847,39,Prefer not to say,62,userd5c971@example.com
145,User_848,43,Prefer not to say,73,userf9227f@example.com
503,User_849,27,Prefer not to say,95,userde3699@example.com
903,User_850,52,Male,66,user846743@example.com
631,User_851,41,Prefer not to say,74,userf19376@example.com
22,User_852,36,Prefer not to say,75,user87e445@example.com
324,User_853,55,Prefer not to say,94,usere8214f@example.com
931,User_854,52,Female,77,user53263f@example.com
11,User_855,43,Male,56,userfb5255@example.com
375,User_856,31,Prefer not to say,75,user599c8c@example.com
865,User_857,28,Female,85,userbceed8@example.com
321,User_858,41,Female,84,user245dbe@example.com
626,User_859,40,Male,95,user13c03e@example.com
512,User_860,23,Prefer not to say,68,user9d1b63@example.com
394,User_861,39,Male,61,user6ee4cf@example.com
579,User_862,26,Female,62,usere29491@example.com
991,User_863,24,Female,98,usera53a4c@example.com
966,User_864,50,Prefer not to say,82,user5be432@example.com
64,User_865,43,Female,90,userf25ce6@example.com
307,User_866,41,Male,52,user8a3857@example.com
244,User_867,37,Prefer not to say,96,userc9a409@example.com
870,User_868,35,Prefer not to say,75,userc7a0d3@example.com
974,User_869,41,Male,68,userc9508f@example.com
923,User_870,22,Prefer not to say,86,user7e0a2a@example.com
135,User_871,47,Prefer not to say,84,userdef074@example.com
96,User_872,54,Male,65,user55bb0e@example.com
868,User_873,56,Prefer not to say,83,userbb309d@example.com
79,User_874,27,Prefer not to say,71,user85f801@example.com
763,User_875,42,Prefer not to say,60,user5d22e6@example.com
883,User_876,40,Prefer not to say,58,user0116b0@example.com
531,User_877,35,Female,73,user9026bd@example.com
58,User_878,39,Male,89,user33ac7e@example.com
963,User_879,44,Prefer not to say,57,user8359a8@example.com
49,User_880,58,Male,56,user62b04c@example.com
88,User_881,34,Prefer not to say,57,usercf83be@example.com
885,User_882,39,Female,97,userba2b7a@example.com
787,User_883,29,Male,70,user360f60@example.com
170,User_884,48,Female,65,user693b7f@example.com
475,User_885,58,Female,87,userb17e5a@example.com
382,User_886,30,Male,67,usercb6d69@example.com
904,User_887,45,Female,90,user29f6e5@example.com
892,User_888,53,Female,90,userb20a60@example.com
46,User_889,37,Female,76,user2b8852@example.com
722,User_890,39,Female,57,useref3765@example.com
278,User_891,49,Female,53,userf202b3@example.com
727,User_892,58,Prefer not to say,66,user1dbd24@example.com
523,User_893,28,Prefer not to say,73,userd9828a@example.com
198,User_894,37,Female,70,user8665e2@example.com
207,User_895,35,Male,63,user35bf11@example.com
50,User_896,26,Female,86,usere64799@example.com
957,User_897,50,Prefer not to say,63,usera65ad5@example.com
117,User_898,40,Female,97,user1a1ba1@example.com
643,User_899,44,Prefer not to say,51,user951973@example.com
489,User_900,27,Male,50,user5d7d7c@example.com
416,User_901,51,Female,87,userdc8fc5@example.com
184,User_902,22,Female,97,userfc04a3@example.com
992,User_903,41,Female,98,usereac0ce@example.com
326,User_904,28,Prefer not to say,55,user061668@example.com
422,User_905,21,Prefer not to say,79,user0b0867@example.com
704,User_906,22,Female,73,user35f738@example.com
736,User_907,28,Male,84,userbadbe7@example.com
995,User_908,39,Male,62,usercb08c2@example.com
580,User_909,60,Prefer not to say,70,userb79616@example.com
494,User_910,24,Female,89,userbed7cd@example.com
998,User_911,30,Prefer not to say,87,user1b8c96@example.com
65,User_912,44,Female,57,user495a8f@example.com
43,User_913,23,Prefer not to say,70,userb0342a@example.com
233,User_914,28,Prefer not to say,55,user52dbab@example.com
596,User_915,23,Male,53,user7cd539@example.com
125,User_916,44,Prefer not to say,53,user74bceb@example.com
173,User_917,52,Female,85,user4d9762@example.com
668,User_918,23,Female,75,user6ee7cf@example.com
149,User_919,56,Prefer not to say,77,user2bda6a@example.com
150,User_920,49,Prefer not to say,71,user6bdc27@example.com
912,User_921,41,Prefer not to say,70,user206b74@example.com
474,User_922,46,Female,76,user6e379f@example.com
469,User_923,40,Female,65,user7219bc@example.com
755,User_924,31,Female,86,user268e38@example.com
200,User_925,58,Female,53,user3e30b2@example.com
659,User_926,38,Male,51,user1a2b83@example.com
235,User_927,58,Prefer not to say,81,user71da9a@example.com
105,User_928,33,Male,66,user3c8f77@example.com
697,User_929,49,Prefer not to say,52,usere16725@example.com
453,User_930,53,Prefer not to say,65,usera55406@example.com
634,User_931,40,Male,70,user56e01b@example.com
785,User_932,39,Female,62,user7d1458@example.com
676,User_933,25,Male,94,userc88fd8@example.com
119,User_934,37,Male,50,user46c524@example.com
549,User_935,47,Female,99,user3094a2@example.com
136,User_936,30,Female,100,userdd2e12@example.com
836,User_937,35,Prefer not to say,69,user8e556f@example.com
891,User_938,21,Female,98,user66fb48@example.com
488,User_939,21,Male,59,user5d62cd@example.com
950,User_940,39,Male,81,userf06e36@example.com
218,User_941,23,Male,96,userc9ea5d@example.com
73,User_942,57,Male,75,userdb7eca@example.com
733,User_943,58,Female,62,user8b67d4@example.com
269,User_944,28,Female,85,user9d510b@example.com
546,User_945,57,Male,66,user1b510a@example.com
115,User_946,29,Prefer not to say,51,user8e1e97@example.com
813,User_947,24,Prefer not to say,81,user043a33@example.com
213,User_948,57,Female,80,user09b6d5@example.com
886,User_949,31,Prefer not to say,96,user1bde55@example.com
530,User_950,38,Female,92,usercdd427@example.com
893,User_951,32,Male,96,user27525c@example.com
51,User_952,25,Male,79,user914f7f@example.com
237,User_953,59,Male,84,user6805f4@example.com
606,User_954,28,Male,67,user08f21f@example.com
978,User_955,51,Female,67,user781770@example.com
550,User_956,55,Female,97,user679999@example.com
249,User_957,31,Prefer not to say,61,userbdfa9d@example.com
262,User_958,42,Prefer not to say,89,user8efbdc@example.com
790,User_959,32,Female,99,user568843@example.com
257,User_960,42,Female,81,user027b43@example.com
730,User_961,56,Prefer not to say,76,usere46059@example.com
129,User_962,40,Female,70,user2765f5@example.com
830,User_963,35,Male,71,user8bb9a0@example.com
41,User_964,44,Prefer not to say,95,usered5d6c@example.com
86,User_965,38,Male,64,userdff1b1@example.com
853,User_966,51,Prefer not to say,99,user7bdfc6@example.com
437,User_967,54,Female,75,userbd67a5@example.com
997,User_968,51,Male,72,user4cff8e@example.com
190,User_969,37,Male,81,user8091e7@example.com
872,User_970,24,Male,87,user74ce9d@example.com
288,User_971,48,Prefer not to say,87,userb248e6@example.com
62,User_972,60,Female,99,userbb0536@example.com
509,User_973,54,Prefer not to say,71,user555d2b@example.com
895,User_974,51,Male,50,userd4db90@example.com
144,User_975,29,Female,50,user4dda43@example.com
666,User_976,21,Male,99,user756b75@example.com
719,User_977,48,Female,72,user99e71d@example.com
679,User_978,24,Female,66,userbe6573@example.com
789,User_979,30,Prefer not to say,79,user0a70bc@example.com
804,User_980,45,Female,90,user033f3a@example.com
8,User_981,56,Prefer not to say,91,user982e42@example.com
532,User_982,41,Prefer not to say,64,user7d6f02@example.com
332,User_983,53,Male,54,usere41e92@example.com
508,User_984,29,Prefer not to say,71,user6ad6f5@example.com
661,User_985,20,Female,89,user3dffc9@example.com
451,User_986,51,Prefer not to say,99,user64fe59@example.com
299,User_987,46,Female,81,userd109c5@example.com
981,User_988,44,Prefer not to say,83,user83ef19@example.com
889,User_989,60,Male,53,user771184@example.com
351,User_990,57,Prefer not to say,87,user204b32@example.com
161,User_991,50,Prefer not to say,76,user6af27d@example.com
13,User_992,57,Male,75,usere9ab8e@example.com
925,User_993,57,Female,73,user17f995@example.com
464,User_994,59,Female,81,user5e5a85@example.com
296,User_995,38,Male,100,user0e0e6e@example.com
707,User_996,40,Prefer not to say,78,user62f22e@example.com
855,User_997,52,Male,91,userda9e23@example.com
447,User_998,55,Prefer not to say,57,user4124c8@example.com
602,User_999,46,Prefer not to say,76,user1e9283@example.com
